{"cameraMode":{"drawMode":0,"name":"Shaded","section":"Shading Mode"},"sceneLighting":true,"audioPlay":false,"sceneViewState":{"showFog":true,"showMaterialUpdate":false,"showSkybox":true,"showFlares":true,"showImageEffects":true,"showParticleSystems":true},"in2DMode":false,"pivot":{"x":-3.4446442127227785,"y":-1.7064530849456788,"z":-0.9714150428771973},"rotation":{"x":-0.12910935282707215,"y":0.8043556809425354,"z":-0.18944473564624787,"w":-0.5481645464897156},"size":3.9073946475982668,"orthographic":false}