{"cameraMode":{"drawMode":0,"name":"Shaded","section":"Shading Mode"},"sceneLighting":true,"audioPlay":false,"sceneViewState":{"showFog":true,"showMaterialUpdate":false,"showSkybox":true,"showFlares":true,"showImageEffects":true,"showParticleSystems":true},"in2DMode":false,"pivot":{"x":-0.052232980728149417,"y":0.1500035524368286,"z":-0.1425313949584961},"rotation":{"x":0.08733665198087692,"y":0.9063525199890137,"z":-0.23076333105564118,"w":0.3430180251598358},"size":3.007394790649414,"orthographic":false}